id,Rosas,Claveles,Macetas,Tierra,Girasoles,Hortensia,Globos,Tarjetas,fOrquídias,Carmesí,Lirios,Aurora,Tulipanes,Listón
Loren Pritty,1,0,1,1,0,0,1,1,1,1,1,1,1,0
Curran Lackey,1,1,1,1,0,0,0,1,1,1,0,0,1,1
Marietta Luff,1,1,0,1,0,0,1,1,1,1,0,0,1,1
Codi Finnemore,1,0,1,0,0,1,0,1,1,1,1,0,1,1
Keane McMains,1,0,0,1,0,0,0,0,1,0,0,1,1,1
Markus Fursland,1,1,0,0,0,1,1,0,0,1,1,1,1,1
Davide Paulou,0,0,0,1,1,1,0,1,1,0,0,1,0,1
Valentine Giottoi,1,0,1,1,0,0,0,0,0,0,1,0,0,1
Atalanta O'Hagirtie,1,0,0,1,0,0,1,1,1,1,0,0,1,1
Roze Cratchley,1,1,0,1,1,1,1,1,1,0,0,1,0,1
Milicent Bewsey,1,0,1,0,1,1,1,1,0,0,0,0,0,0
Missy Galbreth,1,1,1,1,1,0,1,1,0,0,0,0,0,1
Opal Stopper,1,1,1,1,1,0,1,1,0,1,1,0,0,1
Dot Joslin,0,1,0,0,0,1,1,1,1,0,0,1,0,0
Darbee Slyvester,1,0,1,0,0,0,1,1,1,0,0,1,1,1
Roseann Kipping,1,0,1,1,1,0,1,0,1,0,1,0,0,1
Rudd Saylor,1,1,0,0,0,0,1,0,0,0,0,0,0,1
Rebe Harms,1,1,0,1,1,1,1,1,0,0,0,1,1,1
Kylynn Tampling,0,1,0,1,0,0,1,0,1,1,0,1,0,1
Anallese Panks,1,1,1,1,0,0,1,1,0,0,0,1,1,1
Trstram Pemble,1,1,0,0,0,0,0,0,0,0,0,0,0,1
Dallon Olner,1,0,0,1,1,0,1,1,1,1,1,0,0,1
Brigitta Ostridge,1,0,1,0,1,1,1,0,1,0,1,0,1,1
Gerard Whiteley,0,1,0,1,1,0,1,0,1,1,0,1,0,1
Euphemia Dibb,1,1,0,1,1,1,1,1,1,0,1,1,0,1
Wye Keywood,1,0,0,1,0,0,0,0,0,1,1,1,1,1
Arlette Gurley,0,0,0,1,1,1,0,1,0,1,1,0,0,1
Beitris Light,1,0,0,1,1,0,1,0,0,1,0,1,1,1
Rob Andrini,1,0,0,1,1,1,1,1,0,1,0,1,1,1
Elly Yankishin,1,0,1,0,0,0,1,1,0,1,1,1,0,1
Hussein Antonellini,1,1,0,0,0,0,1,0,0,0,1,1,0,1
Ketty Gravet,1,0,0,1,0,0,0,1,1,0,0,0,1,1
Bethanne Farrens,1,1,0,0,1,0,1,0,1,0,0,0,1,1
Dido Gunby,0,1,1,0,1,0,1,0,1,1,0,1,0,1
Auberon Karpol,1,0,1,1,0,1,1,1,0,1,1,0,1,1
Merline Hanscomb,1,1,1,0,0,1,1,0,1,0,0,1,1,1
Gina Steabler,0,0,0,0,1,1,1,1,0,0,1,1,0,1
Joleen Chinnick,1,0,1,1,1,1,1,0,0,1,0,0,1,1
Renaud Hildrew,1,1,0,0,1,1,1,1,0,1,0,1,0,1
Ivett McPhater,1,0,0,0,0,1,1,1,1,1,0,1,1,1
Robin Moakler,1,1,0,1,1,1,1,1,1,0,0,1,1,1
Daria Paik,1,1,1,0,0,0,1,0,1,0,0,0,1,1
Cymbre McVitie,0,0,1,1,1,1,1,1,1,0,0,1,0,1
Vivyanne Barley,1,0,0,1,0,1,1,0,0,0,0,1,0,1
Albrecht Hartland,1,1,1,1,0,1,1,0,0,1,1,1,0,1
Mada Wodeland,1,1,0,1,0,0,0,1,1,0,1,0,1,1
Evania Florey,1,0,1,1,0,0,1,1,1,1,1,0,0,1
Kaja Martindale,1,0,0,0,0,1,1,1,0,0,0,1,1,1
Norri Ryan,1,0,0,1,1,1,1,0,1,0,0,0,1,0
Kiersten Maliphant,0,0,1,0,1,1,1,1,1,0,1,0,1,1
Binny Peacey,1,0,1,0,1,0,1,0,1,1,0,0,1,1
Katharina McInnery,1,1,1,0,1,0,1,0,0,1,1,1,0,1
Kassey Kleinfeld,1,1,1,1,0,0,1,0,1,1,1,1,1,1
Pamella Spofford,1,1,0,1,0,1,1,0,0,1,1,0,0,1
Ev Marham,0,0,1,0,0,0,1,1,0,1,1,1,1,1
Larina Haldene,1,1,0,0,0,0,1,0,1,1,0,1,1,1
Lorene Smittoune,1,0,1,0,0,1,1,0,1,1,0,1,1,1
Reba Ayshford,1,0,1,0,1,0,1,1,0,1,0,0,0,1
Freedman Morat,1,1,0,1,0,0,1,1,0,1,1,0,0,1
Codi Eagle,1,0,0,1,0,1,1,1,1,0,0,0,0,1
Valery Pauluzzi,1,0,1,0,1,0,1,0,0,0,1,0,0,1
Nata Millins,1,0,1,0,1,1,0,0,1,0,1,1,0,1
Myrlene Curman,1,0,0,0,0,1,1,1,1,0,0,1,1,0
Auria Marcu,1,1,1,0,1,1,1,1,1,1,1,1,1,1
Pebrook Sisse,1,1,0,0,1,0,1,1,1,1,1,1,0,1
Lorin Yarnley,1,0,0,1,0,1,1,0,0,0,1,0,1,1
Kurtis Tipens,1,1,1,0,0,1,1,0,1,1,0,0,0,1
Emili Settle,0,0,1,1,0,0,1,0,0,1,1,0,0,1
Fidelity Forsyde,1,1,1,0,0,1,1,1,1,1,1,0,0,1
Creigh McNiff,1,0,0,1,0,0,0,1,0,0,0,1,0,1
Hamlen Reckus,1,1,0,1,0,1,1,1,0,0,0,1,1,1
Lianne Attawell,1,1,1,1,1,1,1,1,0,0,1,0,1,1
Marlin Follos,1,0,1,0,1,1,1,1,1,1,1,1,1,1
Helge Ebanks,0,0,0,0,1,1,1,0,0,0,0,0,0,1
Kelsey Assel,1,0,1,0,0,1,1,0,0,0,1,0,0,1
Jeanie Trank,1,1,0,0,0,0,0,1,0,0,1,0,0,1
Joelle Bottlestone,1,0,1,0,1,0,0,1,0,1,1,0,0,1
Whitaker Jamieson,1,0,0,0,0,0,1,1,1,0,0,0,1,1
Massimo Mallender,1,1,0,1,0,0,1,1,1,1,1,0,1,0
Butch Jacox,0,0,1,1,0,1,0,1,1,0,0,0,0,1
Franny Cogan,1,0,0,0,1,0,1,1,1,0,1,1,1,1
Celle Mulheron,1,0,0,0,1,0,0,1,1,1,1,1,1,1
Brynne Pulman,1,1,1,0,0,1,1,0,0,0,1,0,1,1
Greg Hilldrup,1,1,1,1,1,1,1,1,1,0,0,0,0,1
Kacey Rummin,0,1,0,0,0,1,1,1,0,0,1,0,1,1
Bonnee Aireton,1,0,0,0,0,0,1,1,1,1,1,1,1,1
Artie Gillice,0,0,0,1,1,1,1,1,1,0,1,0,1,1
Bancroft Chalmers,1,0,0,0,1,1,1,1,0,0,0,1,1,1
Scottie Manzell,0,1,1,0,1,1,1,0,1,0,1,0,0,1
Keir Bedingfield,1,1,1,1,0,0,1,0,1,0,1,1,0,1
Jaymie Duddle,1,0,1,0,1,0,1,0,1,1,1,1,1,1
Anna Vanyukov,0,0,0,1,1,0,1,0,1,0,0,1,0,1
Vinita Addy,1,1,1,1,1,1,1,1,1,1,0,1,1,1
Elinore Riha,1,1,0,1,0,0,0,0,1,1,0,0,0,1
Farlee Boutell,1,0,0,1,0,0,1,0,1,1,1,1,1,1
Fernandina Clampe,1,0,0,0,1,1,1,0,1,0,0,1,1,0
Jennica Pengelly,1,1,1,0,1,0,1,1,1,0,0,0,1,1
Eudora Culkin,1,1,0,1,0,1,1,0,0,1,1,1,0,1
Mallorie Blune,0,0,1,1,0,0,0,0,1,0,0,0,0,1
Neils Patillo,1,0,0,0,0,0,1,1,0,0,0,1,0,1
Basile Goodwyn,1,0,1,0,0,0,0,0,0,0,0,1,1,1
Perrine Josipovic,1,1,0,0,1,1,1,0,1,1,1,0,0,0
Etta Sangwin,1,1,1,1,0,0,1,1,0,0,0,1,1,1
Kelsey Isles,1,0,0,0,1,0,0,0,0,0,1,1,0,1
Bobby Doorly,1,1,0,0,1,1,1,1,0,1,0,0,0,1
Berti Andriolli,1,1,1,0,0,0,1,0,0,0,1,0,1,1
Avigdor Weekes,1,0,1,0,0,0,1,0,0,1,0,0,0,1
Alphonse Care,0,1,0,0,1,0,1,1,0,1,0,0,0,1
Fleming Lewtey,1,1,1,1,0,1,0,0,0,1,1,1,1,1
Sara-ann Spofforth,1,1,0,1,0,1,0,0,1,1,0,0,1,1
Nichole Smedmore,0,1,0,0,0,0,1,1,1,1,1,1,0,0
Francklin Luke,1,0,0,0,0,0,1,1,1,1,1,0,0,1
Ewell Smorthit,1,0,1,1,1,1,1,0,1,1,0,1,1,1
Shannon Curuclis,1,0,1,1,0,0,1,0,0,1,1,0,0,1
Shell Brownlie,1,1,1,0,1,0,1,0,1,1,1,0,0,1
Ximenes Wheildon,1,0,1,1,1,0,0,1,1,0,0,1,1,1
Tera Hablet,0,0,1,1,0,0,1,0,1,1,0,1,1,1
Judye Hulatt,1,0,1,0,1,0,1,1,1,1,1,0,0,1
Eve Pepler,0,1,0,0,1,1,1,1,0,1,0,0,0,1
Richie Schoolfield,0,0,0,0,1,1,1,0,1,1,0,1,0,1
Mei Hampson,1,0,0,1,0,1,1,1,1,0,0,0,1,1
Tiena Pren,0,0,1,1,1,0,1,0,1,1,0,0,1,1
Andee Culligan,1,0,0,1,1,1,1,0,1,0,0,1,1,1
Edmund Owttrim,1,0,1,0,0,0,1,1,1,0,0,1,0,1
Shena Lardiner,1,0,1,1,1,0,1,1,0,0,0,0,1,1
Rod Lightwing,1,1,1,1,0,1,1,1,0,0,0,0,0,1
Felix Bettinson,1,0,1,0,1,1,1,1,1,1,1,1,0,1
Dino Verlinde,1,0,0,0,0,1,0,0,0,0,1,0,0,1
Sayers Nolan,0,0,0,1,1,0,1,0,1,0,1,1,1,1
Ardyth Tallowin,1,0,0,1,0,1,1,1,0,0,1,1,0,1
Shane Mowson,0,1,1,1,0,0,1,0,0,0,1,1,0,1
Eleanora Abelevitz,1,1,1,1,0,1,1,1,1,1,1,0,1,1
Ddene Vamplers,0,0,1,1,0,0,1,0,1,0,0,1,0,1
Elie Macquire,1,1,0,1,1,1,1,1,1,0,1,0,0,1
Hoyt Nazaret,1,1,0,0,1,0,0,0,1,1,1,1,1,1
Camila Bradlaugh,1,1,0,0,0,1,0,1,0,1,0,1,1,1
Belinda Jacop,1,0,1,0,0,0,1,0,0,0,0,0,0,1
Lin Zavattieri,1,0,0,0,1,0,0,1,1,1,0,0,0,1
Baxy Mervyn,1,0,0,0,0,1,1,0,1,1,0,1,1,1
Bennie Abella,0,1,1,1,1,0,1,1,1,0,0,0,0,1
Konrad Janecek,1,0,0,1,1,1,1,1,1,1,0,1,0,1
Valentia Vockins,1,0,0,0,1,0,0,1,1,0,0,1,0,1
Geordie Keywood,0,1,1,1,1,0,1,0,1,0,1,0,0,1
Laurene Fulk,1,0,0,1,0,0,0,1,1,1,1,0,0,0
Andreas Philbrook,0,0,0,0,1,1,1,1,0,0,0,1,0,1
Leonidas Battista,1,1,0,0,1,0,1,1,1,1,1,0,1,0
Morgan Kerkham,1,0,0,0,1,0,1,0,1,1,0,1,0,0
Lloyd Trevon,0,1,1,1,1,1,1,0,0,0,1,1,0,1
Clemmy Pooke,1,1,1,0,1,0,0,1,1,1,1,1,0,1
Bartlett Kolakovic,1,0,0,1,0,1,1,1,0,1,0,1,0,0
Dallas Thackeray,0,0,0,0,1,1,1,0,0,0,1,0,0,1
Katusha Saville,1,1,1,1,1,0,1,1,0,1,0,1,1,1
Prescott Cady,0,1,1,1,0,0,1,1,0,0,1,1,0,1
Ax Carnachen,1,1,0,1,1,1,1,0,1,0,0,0,1,1
Brad Castilla,1,0,1,0,1,0,1,1,1,0,1,0,0,1
Layney Roast,1,0,0,1,0,0,1,1,1,0,1,1,0,1
Cassi Luscott,1,1,1,0,0,1,0,1,0,1,1,0,1,0
Trumann Blenkin,1,0,0,0,0,1,1,1,1,1,1,0,1,1
Myrvyn Wheaton,1,0,1,0,1,0,0,0,1,1,1,0,0,1
Inger Shaxby,1,1,1,0,1,1,0,1,0,1,0,1,1,1
Roz Handrick,1,1,0,1,1,0,1,1,0,0,0,0,0,1
Ninette Denman,1,1,1,0,1,1,1,0,0,0,1,1,1,1
Wadsworth Ivanchenkov,1,0,0,1,1,0,1,0,0,1,1,0,0,1
Roldan Blowick,1,0,1,1,1,1,1,0,0,0,1,0,1,1
Westbrook Belsher,1,0,1,1,0,1,1,0,1,0,0,1,0,1
Elbertine Eric,1,1,1,0,0,1,1,0,1,1,1,1,1,1
Netti Letcher,1,1,1,0,1,1,0,0,1,0,0,0,0,1
Natasha Kinvig,1,0,1,1,0,1,1,0,0,0,1,0,0,1
Eleonore Seeking,1,0,1,1,1,1,1,1,0,1,0,0,0,1
Ellynn Bergstram,0,1,0,0,1,1,0,1,0,1,1,0,1,0
Lemar Kighly,1,0,0,1,1,1,0,1,1,0,1,1,0,1
Shirleen Pic,1,0,1,1,1,0,1,0,0,0,0,1,0,1
Jock Birdwhistle,1,1,0,0,1,1,1,0,1,1,0,0,1,1
Mathilde Whyatt,1,0,0,1,1,0,1,0,0,0,1,1,1,1
Olly O'Dea,1,0,0,1,0,0,1,1,1,1,0,1,0,1
Tarrah Habercham,1,0,1,1,1,1,1,1,1,0,0,1,0,1
Miguel Ferrucci,1,0,0,0,0,0,0,1,0,1,1,0,0,0
Hamlen Lorriman,1,0,1,1,1,1,1,1,1,0,0,0,0,1
Stanislaw McGawn,1,0,0,0,0,0,0,1,0,0,0,0,1,1
Heidie Keir,1,0,1,0,1,0,1,0,0,0,1,0,1,1
Gerome Pardi,1,1,0,1,0,0,1,1,0,1,1,1,1,1
Maurita Presland,1,0,1,0,0,0,1,0,0,0,0,1,0,1
Inesita Cortnay,1,0,0,1,0,1,1,1,0,1,0,0,1,1
Staford Holywell,1,1,0,1,1,0,1,0,0,0,0,0,0,1
Constantia Dainter,1,1,0,0,1,0,1,1,1,1,0,1,0,1
Gunther Kitcatt,1,1,0,0,0,0,1,1,0,0,1,1,1,1
Ninnette Ferschke,0,1,1,1,0,1,1,0,0,1,0,0,0,1
Shanna MacGilpatrick,1,0,1,0,0,0,1,1,0,1,1,0,1,1
Perri Dunkirk,0,1,1,0,1,1,0,0,0,0,1,0,1,1
Barry Vila,1,0,0,1,0,1,1,0,0,0,1,0,1,1
Kerwinn Polly,1,0,0,1,0,1,1,1,0,0,0,1,1,1
Ebenezer Lindroos,1,0,1,0,1,0,1,1,0,0,0,0,0,1
Gradey Jaggli,1,1,1,1,0,1,1,1,1,0,1,1,0,1
Loise Rottgers,1,0,0,1,0,1,1,1,1,1,1,0,1,1
Dorice Beames,1,1,0,0,0,1,1,0,0,0,1,0,1,1
De Hugli,1,0,0,0,1,0,0,0,1,0,0,1,0,1
Dehlia Spurret,1,1,0,1,0,1,1,1,0,1,0,0,0,1
Zelig Fetherston,1,1,0,1,1,0,1,0,1,1,0,1,0,1
Donnie Newling,1,1,0,0,0,1,1,1,1,0,0,0,1,1
Pip Hobell,1,0,1,0,1,1,1,0,1,0,0,1,0,1
Yovonnda Tomaini,0,1,0,0,0,1,1,0,1,0,1,1,1,1
Jennine Caig,1,0,0,1,0,0,0,1,0,0,1,1,0,1
Ignazio Prestie,1,1,0,0,0,0,0,0,0,1,0,0,0,1
Melesa Fildery,1,0,1,1,1,0,1,0,0,1,0,0,1,1
Flori Stansall,1,1,0,1,0,1,0,0,1,1,1,1,1,0
Minor Lermouth,1,1,0,0,1,1,1,1,0,1,0,1,0,1
Parnell Tinton,1,1,0,0,1,1,1,1,0,1,1,1,1,1
Wells Alexandersson,1,1,1,0,0,1,1,1,0,0,1,1,1,1
Shanan Merriment,1,1,0,0,0,1,1,0,0,0,1,0,1,1
Tobye Blowick,1,0,0,0,0,1,1,0,1,1,0,1,1,1
Kasper Toolan,1,1,1,1,0,1,1,0,0,0,1,0,1,0
Addia Pinnell,1,0,1,0,1,1,1,0,0,0,0,1,0,1
Alexia Burder,1,0,1,0,1,0,1,0,0,1,0,1,0,1
Currey Fantone,0,0,0,0,1,1,1,0,1,1,1,1,0,1
Fredelia Voaden,1,1,0,0,0,0,0,0,0,0,1,0,1,1
Sunny Abrahamsson,1,1,0,0,1,0,1,1,0,0,0,1,0,1
Enriqueta MacTeggart,1,0,1,0,1,0,1,1,1,0,0,0,0,1
Andrey Harland,0,0,1,1,1,1,0,0,1,0,1,1,1,1
Charmion Chalke,1,1,1,0,1,0,1,0,0,1,1,0,0,1
Hanna Menendes,1,1,0,0,1,0,1,0,0,0,0,1,0,1
Doyle Bann,0,1,0,1,1,1,1,1,0,1,0,0,0,1
Tobe Quennell,1,1,1,0,1,1,1,0,1,1,0,0,0,1
Leslie Wotton,1,0,1,1,1,1,1,1,1,1,0,1,0,1
Leandra Stears,1,1,0,0,0,0,1,1,0,0,1,0,0,1
Aldric Limbrick,1,1,1,1,1,0,1,0,1,0,0,1,0,1
Margi Hartland,1,1,1,0,1,0,1,0,1,1,1,0,0,1
Ferdie Runsey,1,0,1,0,0,0,1,1,0,0,1,1,1,0
Briano Siveyer,1,1,1,0,1,0,1,0,1,0,1,1,1,1
Nessie Cosely,0,1,1,1,1,1,1,1,1,0,1,0,1,1
Babbie Tregaskis,1,0,0,1,1,0,1,1,0,1,1,1,1,1
Liane Edward,1,0,1,1,0,0,1,0,1,1,0,0,1,1
Rogerio Chorlton,1,1,0,0,1,1,1,0,0,1,0,0,1,1
Alane Rosettini,1,0,0,0,1,1,1,0,1,0,0,1,0,1
Lishe Elsmere,1,0,0,0,1,0,1,1,1,1,0,0,1,1
Ami Unger,1,1,0,1,0,0,1,0,1,0,0,0,1,1
Harold Bygraves,1,1,1,0,1,0,1,0,1,0,1,1,0,1
Ariel Mays,1,0,1,1,1,1,1,0,0,1,1,1,1,1
Manda Kahen,1,0,0,1,0,1,1,1,0,0,1,1,0,1
Kylynn Ride,0,0,1,1,0,1,1,0,1,1,1,1,0,1
Yolanthe Rump,1,0,1,0,0,1,1,0,0,0,0,0,1,1
Kathe Gotter,1,0,1,0,1,0,1,1,1,1,1,1,0,1
Emili Rahlof,1,0,1,1,0,0,1,1,1,0,0,0,1,1
Veda Margery,1,0,1,1,0,0,1,0,1,1,1,0,0,1
Ximenes Sparry,0,0,1,0,1,1,1,1,1,0,0,1,0,1
Rik Rable,1,0,0,1,1,0,1,0,1,0,1,1,1,1
Ede Cobbledick,1,0,1,1,1,0,1,1,0,0,1,1,1,1
Aimee Moogan,1,0,0,0,1,1,1,1,0,0,0,1,0,1
Sabine Croser,0,1,0,1,0,0,0,0,1,0,1,1,0,1
Alano De Malchar,1,1,1,1,0,1,0,0,0,0,0,1,1,1
Dallon Carwardine,1,0,0,1,1,1,1,0,1,1,0,0,0,0
Katusha Instrell,1,0,1,1,1,0,0,1,0,1,1,1,1,1
Lewiss Broomer,0,1,0,0,1,0,0,1,0,1,1,1,0,1
Nani Kyston,1,1,0,1,1,0,0,1,1,1,0,0,0,1
Elora Evanson,0,0,1,0,1,0,1,1,1,1,0,0,0,1
Katy Martindale,1,0,1,0,1,1,0,0,0,0,0,0,0,1
Cayla Bubbear,1,1,0,0,0,0,1,0,1,0,1,0,1,1
Darrelle Echallie,1,0,1,0,0,0,1,0,0,0,0,1,0,1
Parnell Gripton,1,0,0,1,1,0,0,1,0,1,1,0,1,1
Masha Trouel,1,0,1,1,0,1,0,1,0,0,1,0,0,1
Xenia Furby,1,0,0,1,0,0,1,1,1,0,0,0,1,1
Kyrstin Nanninini,1,0,0,0,0,1,1,1,0,1,1,0,0,1
Elroy Wordington,0,1,0,0,0,0,1,1,0,1,1,1,1,1
Cynthia Kensy,1,0,1,0,0,0,1,1,1,0,0,0,0,1
Anni Riddles,1,0,0,0,1,0,0,1,0,0,1,1,1,0
Tobe Trevan,0,1,0,0,1,0,1,1,1,0,1,0,1,1
Avram Picken,1,0,0,0,0,1,1,0,0,1,1,0,1,1
Tomlin Mithan,0,0,1,1,0,0,1,1,1,0,0,1,0,1
Delmore Golton,1,1,1,1,0,1,1,0,0,0,0,1,0,1
Culley McMickan,1,0,1,0,0,0,1,1,0,0,0,0,0,1
Philippa Ateggart,0,1,1,0,0,1,1,1,1,1,0,1,0,1
Noella Picheford,1,0,1,1,1,0,1,1,0,0,1,0,0,1
Emerson Syplus,1,1,1,1,0,0,1,0,0,1,1,0,1,1
Verna Betty,1,1,1,1,1,1,1,0,1,0,1,1,1,0
Rodd Wealleans,1,0,1,1,0,0,1,1,0,0,0,0,0,0
Orv Kubalek,1,1,1,1,0,1,1,0,0,1,0,0,0,1
Abby Scamp,1,0,0,1,1,0,1,0,1,1,0,1,1,1
Halie Sutherns,1,1,0,1,1,1,0,1,0,1,0,0,0,1
Emelina Blackie,1,0,0,1,0,1,1,0,1,1,0,1,1,0
Galina Hewins,1,1,1,0,0,0,0,1,0,0,0,0,0,1
Terrance Paszak,1,0,0,0,0,0,1,0,0,1,0,0,0,1
Tersina Board,1,1,1,0,1,1,0,1,0,0,1,0,0,1
Genevieve Farrar,0,0,1,0,1,0,1,1,0,0,1,0,1,1
Marlie Crebbin,1,0,0,0,0,1,0,1,1,1,1,1,0,1
Missie Mapston,1,0,0,0,1,0,1,0,1,0,1,0,0,1
Morissa Tyson,1,0,1,1,0,0,1,0,1,1,1,0,0,1
Dulcy Heustice,1,1,1,0,0,1,1,0,0,0,1,1,1,1
Letitia Brahm,1,1,1,1,0,1,1,1,0,1,0,1,1,1
Philippe Mayou,1,0,1,0,1,0,1,0,0,0,1,0,0,1
Laurel Bools,1,0,1,1,1,0,1,1,1,1,0,0,1,1
Mervin Spittall,0,0,0,1,0,0,0,0,0,0,1,1,1,1
Filmore Setterfield,0,0,1,1,1,1,1,0,0,0,0,1,0,1
Faun Fairlie,1,0,1,0,1,1,1,1,0,0,0,0,1,1
Dall di Rocca,1,1,0,0,0,1,1,0,0,0,0,1,0,1
Whitney Leed,0,1,0,0,1,0,1,1,0,1,0,1,1,1
Vanessa Kubczak,1,0,0,0,1,1,0,1,0,0,0,1,1,0
Pollyanna Tomini,1,0,1,0,1,1,0,0,0,1,1,1,1,1
Ced Puddicombe,1,1,1,0,0,1,0,1,1,0,0,1,1,1
Morganne Glasman,1,1,0,0,1,1,1,1,0,1,1,0,1,1
Normy Lobb,1,0,0,0,1,1,1,0,1,0,1,1,0,1
Nikola Frusher,1,1,1,1,0,1,0,1,0,0,1,1,0,1
Abelard Honnan,1,1,1,0,1,0,0,1,0,0,0,1,0,1
Shela Hubbard,0,1,0,1,1,1,1,1,1,1,0,0,1,1
Janelle Fee,1,0,0,0,0,0,1,1,1,0,0,1,0,1
Herve Garvie,1,1,1,0,0,0,1,1,0,1,1,0,1,1
Ephrayim Degli Abbati,1,0,0,1,1,1,1,0,1,0,0,1,0,1
Camella Ferdinand,0,0,1,0,1,0,1,1,1,1,1,1,1,1
Hamlen Capper,1,0,0,1,1,0,1,0,0,1,1,0,0,1
Emeline Lunam,1,0,0,1,0,0,0,0,0,0,0,1,1,1
Bobette Gorse,1,0,0,0,0,1,1,1,0,0,0,1,0,1
Kirstin Gammidge,1,1,1,0,0,0,0,0,0,0,1,1,0,1
Christiana Fegan,1,1,1,1,0,0,1,1,1,1,0,0,1,1
Raimondo Alven,1,0,1,0,1,0,1,0,1,1,1,0,0,1
Melesa Lesmonde,0,0,0,0,0,1,1,1,0,1,0,1,1,1
Rebecca Koppes,1,0,0,1,0,1,1,1,1,0,1,1,0,1
Sylas Tomisch,1,0,1,1,1,1,0,1,0,0,0,1,1,1
Leonidas Childes,0,1,0,0,1,0,1,1,0,0,0,0,1,0
Stanley MacCallister,1,1,1,0,1,0,1,0,1,0,1,1,0,1
Dillie Rowles,1,0,0,1,0,0,1,0,1,0,1,0,1,0
Dreddy Biernacki,1,1,1,0,0,0,1,0,0,1,1,1,0,1
Buck Etheredge,0,0,1,1,1,0,0,0,1,1,1,1,1,1
Giusto Leckenby,1,0,0,1,0,1,1,1,1,1,1,0,1,1
Brnaby Lerven,1,0,1,0,0,1,1,1,0,0,1,1,0,1
Daune Prendeville,1,1,0,1,0,1,0,0,1,1,1,1,1,1
Aili Henrionot,1,0,0,1,0,1,1,1,1,1,1,1,0,1
Geneva Aveyard,1,0,1,0,0,0,0,1,1,1,1,1,0,1
Tilly Bourgourd,1,1,0,0,0,0,1,1,1,0,0,0,0,1
Lonny Bohlin,1,0,0,0,0,0,1,1,1,1,0,1,0,1
Timotheus Mellmoth,1,0,1,1,1,1,1,0,1,1,1,0,1,1
Andres Grinval,1,0,1,0,0,1,0,0,0,0,1,1,0,1
Oralle Lantoph,1,1,1,0,0,1,1,1,1,1,0,1,1,1
Fayth Essel,1,0,0,0,1,1,1,0,0,0,0,1,0,1
Ingeborg Willatts,0,1,1,0,0,1,1,0,1,0,0,0,0,1
Carly Bardwall,0,0,1,1,0,0,1,0,0,1,1,1,0,1
Ashleigh Staniforth,1,0,0,0,1,1,1,0,1,0,0,0,1,1
Korie Wagstaff,1,0,1,0,0,0,1,0,1,1,1,0,1,1
Odille Innman,0,0,0,1,0,1,0,1,1,1,1,0,1,1
Tobe Capeloff,1,1,1,1,0,1,1,0,0,1,0,0,1,1
Robin Wellan,1,0,0,0,0,0,1,1,0,0,0,0,0,1
Eugene Redbourn,1,0,0,1,0,1,1,1,0,0,1,0,0,1
Ninon Tombleson,1,0,0,0,1,1,1,0,1,0,0,0,0,1
Darbie Sand,1,1,1,1,0,0,1,0,1,1,0,1,1,1
Darryl Manlow,1,0,1,1,0,0,1,0,1,1,1,1,0,1
Gabby Kunkler,1,1,1,0,1,1,1,0,1,1,0,1,0,1
Allard Ixer,1,0,1,0,0,1,1,0,1,0,0,1,1,1
Wit Eynaud,0,0,1,0,1,1,0,0,0,1,0,0,0,1
Denyse Zarfati,0,1,1,0,0,1,1,0,1,1,0,0,0,1
Mallory Hobben,1,1,0,1,0,0,1,1,0,1,1,0,1,0
Rebekah Wardell,1,1,1,1,1,0,1,0,0,0,1,0,0,1
Jarvis Fidelus,1,0,1,1,0,1,1,1,1,1,1,0,1,1
Herold Paddon,0,1,1,0,0,1,1,1,1,0,1,1,1,1
Maryanna Strother,1,1,1,1,1,1,0,1,0,0,0,0,1,1
Tris Vossing,1,0,1,1,1,0,1,0,1,0,0,1,0,1
Ario Elletson,0,0,1,0,0,1,1,0,0,1,1,1,0,1
Cornie Housen,1,1,1,1,1,1,0,1,0,0,1,0,0,1
Thorvald Nani,1,0,1,0,0,0,1,0,0,0,1,1,0,1
Editha Forder,1,0,1,1,1,1,1,1,1,0,1,0,1,1
Maurise Presnell,1,1,1,1,1,0,1,0,0,0,0,1,1,1
Ulberto Lusk,0,1,0,0,1,0,1,0,0,1,0,0,0,1
Arlan Silliman,0,0,0,1,0,0,1,1,0,1,0,0,0,1
Graham Pratty,1,1,1,1,0,0,1,1,1,0,1,0,1,1
Merry Ticksall,0,0,1,0,0,1,0,1,0,1,1,1,0,1
Billy Sprade,1,0,0,1,0,0,1,0,1,1,0,1,1,1
Konstantine Davidofski,1,0,1,0,0,1,1,0,1,0,0,1,0,1
Lindon Nower,0,1,1,0,0,1,1,0,0,1,1,0,1,1
Sidonnie Simanenko,1,0,1,0,0,1,0,0,0,0,0,1,1,1
Lyman MacKniely,0,1,1,0,1,0,0,1,1,0,1,0,1,1
Maison Woonton,0,1,0,1,0,0,0,0,1,1,0,0,0,1
Min Ruffell,1,0,1,1,0,0,0,1,0,1,0,0,0,0
Robinetta Tran,1,0,1,0,1,0,1,1,0,1,0,0,1,0
Flemming Lennard,1,0,1,1,1,1,0,0,0,1,0,0,1,1
Aarika Sword,1,1,1,0,1,1,1,1,1,1,0,1,1,1
Michal Jovanovic,1,1,1,1,1,0,1,0,1,1,0,0,0,1
Ly Somner,1,1,1,0,1,1,1,1,0,0,1,0,1,1
Johan Teodoro,1,1,1,0,0,1,0,0,1,0,0,1,0,1
Merle Tuny,1,1,0,1,1,1,0,1,1,0,0,0,0,1
Shaina Hanton,1,0,1,0,0,1,1,0,0,1,1,0,1,0
Papageno Colclough,1,0,1,0,1,0,1,1,0,0,0,1,1,1
Rogerio Oswell,1,0,1,0,0,0,1,0,0,0,0,1,0,1
Page Crooks,1,1,1,1,1,0,1,1,1,1,0,1,1,1
Gorden Domenicone,1,1,1,1,1,1,0,0,1,0,0,0,0,1
Codi Glossup,1,1,0,1,0,0,0,0,1,1,1,0,0,1
Bunny Deverson,0,0,1,1,1,0,1,0,0,0,1,1,0,1
Niels Shipsey,1,0,1,0,1,1,1,0,0,0,0,1,1,1
Callean Aust,0,0,0,1,1,0,1,1,1,0,0,1,1,1
Darlleen Pendrid,1,0,1,0,1,1,1,0,0,0,0,1,0,1
Wallache Duggon,0,1,0,1,0,0,0,0,1,1,0,0,1,1
Welby Sertin,0,0,0,0,1,1,1,0,1,0,0,1,1,1
Mil Faughny,1,0,0,0,1,1,1,0,0,0,0,0,0,1
Antonella Pally,0,1,0,0,0,1,1,0,0,0,1,1,1,1
Kessiah Masser,1,0,0,1,1,0,1,0,1,0,0,0,0,1
Edi Frediani,1,1,0,1,0,0,1,0,0,1,0,0,0,1
Vale Fruish,1,0,1,0,0,1,0,1,1,1,1,0,0,1
Jobina Richichi,1,0,0,1,1,0,1,0,1,1,0,0,0,1
Cindra Perico,1,0,1,0,0,0,1,0,0,0,0,0,0,1
Alli Byron,1,0,0,0,1,0,1,1,0,1,1,1,1,1
Hephzibah Bennellick,1,0,1,1,0,1,0,1,1,1,1,0,1,1
Vitia Wanless,1,1,0,1,0,1,1,1,0,0,0,0,1,0
Finn Friel,1,1,0,1,0,1,1,1,0,0,1,0,1,1
Olympe Edensor,1,1,1,0,0,1,1,0,1,0,0,1,0,1
Shandie Ogles,1,0,0,0,1,0,1,1,1,1,0,0,1,1
Corie Gabbitus,1,1,0,1,0,1,1,1,1,1,1,0,1,1
Jenilee Le Fleming,1,1,0,0,0,1,0,1,0,0,1,1,1,1
Atalanta McKerron,1,1,0,0,0,0,1,1,1,1,0,1,1,1
Cristie Starmore,1,0,1,1,1,0,1,0,0,1,1,1,0,1
Henryetta Hanse,1,0,1,0,0,1,1,1,0,0,1,0,0,1
Heda Patillo,1,0,0,0,1,1,1,1,0,0,1,1,0,1
Danila Jewson,1,1,1,1,0,0,1,0,0,0,1,0,0,1
Elli Renne,1,0,1,1,1,1,1,1,1,0,0,1,1,1
Patten Tune,1,0,0,0,0,0,1,1,0,0,0,1,0,1
Vivi Masse,1,0,0,0,1,1,1,0,0,0,0,1,0,1
Flo Laurand,1,0,1,0,0,0,1,1,1,1,1,0,0,1
Yulma Kittel,1,1,1,0,1,1,0,1,1,1,0,0,1,1
Levey Kegley,1,1,1,0,1,1,0,1,0,0,0,0,1,1
Gipsy Musto,1,1,0,0,1,1,1,1,1,1,0,0,0,1
Clemence Quince,1,0,1,0,1,0,1,1,1,1,1,0,0,1
Carma Northern,1,0,1,0,1,0,0,1,1,0,1,1,1,1
Aubert Clacson,1,0,1,1,0,0,1,0,1,0,0,1,1,1
Noami Bugdale,0,1,1,0,1,1,1,0,1,0,0,0,0,1
Lottie Scrauniage,1,1,1,0,0,0,1,0,0,0,1,0,1,0
Thorndike Jewell,1,0,1,1,0,1,0,0,1,1,0,0,1,1
Zak Fitzjohn,1,1,0,0,0,1,1,1,1,1,0,1,0,1
Avigdor Klehyn,1,0,0,1,0,0,1,1,1,1,1,0,0,1
Nicoli Carcass,1,0,0,0,1,0,1,1,1,0,0,0,0,1
Pip Mark,1,0,0,0,1,1,1,1,1,0,0,1,0,1
Laird Wahlberg,0,0,0,1,0,1,1,1,1,1,1,0,1,1
Jard Carlet,1,0,1,1,1,1,1,1,1,1,1,1,0,1
Dorotea Jacomb,1,0,1,0,0,0,1,0,0,0,1,0,1,1
Josie Chazier,1,1,0,0,1,1,1,0,0,1,0,1,0,1
Chery Rennox,1,0,0,0,0,0,1,0,0,1,1,1,1,1
Clovis Berrey,1,1,0,0,1,0,1,0,1,1,0,0,1,0
Corissa Tocque,1,1,1,1,0,0,1,1,0,1,1,1,0,1
Pippa Atyea,1,1,1,0,1,1,1,1,1,0,1,1,1,1
Elisabetta Barribal,0,0,1,0,0,0,0,0,0,1,0,1,0,1
Sylvia Simoneschi,1,1,0,1,1,0,1,0,0,0,1,0,1,0
Carin Dearlove,0,0,0,0,0,1,1,0,0,1,1,1,0,1
Rouvin Durbann,1,1,0,0,0,1,1,1,1,1,0,0,0,1
Federica Trim,1,0,0,0,0,0,1,0,1,1,1,0,1,1
Ophelie Hanse,1,1,0,0,0,0,0,1,1,1,1,1,1,1
Taffy Price,1,1,1,1,0,0,1,1,1,0,0,1,1,1
Andie Ickovicz,0,0,1,1,0,0,1,1,0,1,0,1,0,0
Julieta Hurn,1,1,1,0,0,1,1,1,0,0,1,1,0,1
Joanna Gresham,1,0,0,1,0,0,1,1,0,0,0,1,0,0
Chelsy Balam,0,0,1,0,0,1,1,0,0,0,0,1,1,1
Jessee Pires,0,1,0,0,0,0,0,1,1,0,1,1,1,1
Burnard Bowne,0,1,1,1,1,0,1,1,0,0,0,0,0,1
Claudetta Westlake,0,1,1,1,0,1,1,1,1,1,1,1,0,1
Marietta Niche,0,0,0,0,0,1,1,1,0,0,0,1,0,1
Maryjane Smales,0,1,0,1,1,1,1,0,1,1,1,1,0,1
Gustaf Greatland,1,0,1,1,0,1,1,1,0,0,1,1,1,1
Lani McGill,1,0,0,1,1,0,1,0,0,0,1,1,0,1
Marcello Soldi,1,1,1,1,1,1,0,1,1,1,0,0,0,1
Abigale Gipp,1,0,1,0,1,1,1,1,1,0,0,0,0,1
Shanan Imeson,1,0,1,1,0,0,1,0,1,0,1,1,1,1
Shandie Caswill,1,1,0,1,1,0,1,1,0,0,1,1,1,1
Lemar Crew,0,1,1,1,0,0,1,0,0,1,1,1,1,1
Charil Pearsey,1,0,1,1,0,1,1,0,1,0,1,1,0,1
Idelle Mirfield,0,1,0,1,1,0,1,0,0,1,1,0,1,1
Elmore Merrywether,1,1,1,1,1,1,0,1,0,1,0,1,0,1
Gael Horry,1,0,0,0,1,0,1,0,0,0,0,1,0,1
Merci Ummfrey,1,1,0,1,1,0,0,0,0,1,1,0,0,1
Gail Labrow,1,1,1,1,0,1,1,0,1,0,1,1,1,1
Joana Anmore,1,1,1,0,1,1,1,0,1,1,1,1,1,1
Tedda Adriano,1,0,0,0,1,1,1,1,0,0,1,1,1,1
Ruddie Clint,1,0,1,0,1,1,0,0,0,1,0,1,1,1
Odessa Cradey,1,1,1,0,1,1,1,1,1,0,0,0,0,1
Federico Rubi,1,1,0,1,1,1,1,0,1,1,0,1,0,1
Bond Marcome,1,1,1,1,0,1,1,0,0,1,1,1,1,1
Gabe Luff,0,0,0,1,0,1,1,1,1,1,1,1,1,1
Yoshiko Durward,1,0,1,0,1,0,1,0,1,0,0,0,1,1
Giana Elgie,1,0,1,0,1,1,1,1,1,1,1,0,0,1
Conn Wallbanks,1,1,0,1,0,1,1,0,1,0,0,1,0,1
Janenna Deerness,1,1,1,0,1,0,1,1,0,0,0,1,0,1
Jessie Bernucci,1,1,0,0,1,0,0,1,1,1,0,1,0,1
Eveline Hutfield,1,0,1,0,0,0,1,1,1,0,1,0,1,1
Otis Martonfi,1,1,1,0,0,0,1,1,0,1,0,0,1,1
Richardo Matanin,1,1,1,0,0,0,1,1,0,0,1,0,0,1
Filmer Holcroft,0,0,0,1,0,0,1,1,0,0,1,1,0,1
Marcel Dengate,1,0,1,1,1,1,1,0,1,1,0,1,1,1
Ianthe Krochmann,1,0,1,1,0,1,1,0,1,1,0,0,0,1
Aubrie Belderson,0,1,0,1,1,0,0,1,0,0,1,1,1,1
Dacey Tyrer,1,0,1,1,0,0,1,0,1,0,0,1,1,1
Terencio Selwyne,1,0,1,1,1,1,1,1,0,0,1,1,0,1
Faber Slemmonds,1,0,0,0,1,1,1,0,0,1,1,1,1,1
Rosanna Lefeaver,1,1,0,1,1,1,1,1,0,1,0,0,1,1
Upton Sapauton,1,1,0,0,1,0,0,0,0,0,0,1,0,1
Ethelbert Delia,1,0,0,0,0,0,1,1,0,0,0,0,1,1
Giacomo Witherow,1,1,0,1,0,1,1,0,0,0,1,0,0,1
Janela Gibb,1,0,0,1,0,0,0,0,1,0,0,1,0,1
Correna Jendrach,1,1,0,1,0,1,0,0,1,1,0,0,1,1
Lezley Noweak,1,1,0,0,1,0,1,0,0,0,0,0,1,1
Isabelita Corradino,1,1,0,0,0,0,1,1,1,0,0,0,0,1
Wallis Yokelman,1,1,0,1,0,1,1,0,0,0,0,0,1,1
Ulrica Lyon,1,0,1,1,0,0,1,0,0,1,0,0,0,1
Wallie Holberry,1,0,0,1,0,1,1,0,0,0,1,1,1,0
Lucien Purle,1,0,1,1,0,0,0,0,0,1,0,0,1,1
Fidole Lewinton,1,1,0,0,0,1,1,1,1,0,0,1,1,1
Bianca Odgaard,1,0,1,1,1,0,1,0,1,0,0,0,1,0
Henrie Klimushev,1,1,1,1,1,1,1,0,1,1,1,0,1,1
Mannie Trime,1,0,1,1,0,1,1,1,1,0,0,0,0,1
Grannie Acres,1,0,1,1,0,1,0,1,1,1,0,1,0,1
Roseline Bodycote,1,1,1,0,0,1,1,1,0,0,0,1,0,0
Sammy Ballefant,1,1,0,0,0,0,0,1,1,1,1,0,1,1
Talyah Flarity,0,0,1,1,1,1,1,1,1,1,1,0,1,1
Tracie Easum,1,1,1,0,1,1,1,1,0,1,1,1,1,0
Thom Richardon,1,0,1,0,1,1,1,0,1,0,1,1,1,1
Rowan Bilbrook,1,0,1,0,0,1,1,0,0,0,1,1,1,1
Abbie Brewood,1,1,1,0,1,0,1,1,0,0,1,0,0,1
Shel Filippone,1,1,1,1,1,0,0,0,0,1,1,0,1,1
Ganny Hardaway,0,0,0,0,1,0,1,1,0,0,1,1,1,1
Josi Nugent,1,0,1,1,0,0,1,1,1,1,0,1,1,1
Berny Stare,1,1,0,1,1,0,1,0,0,1,1,1,0,1
Yvon O'Gavin,1,1,0,0,0,1,1,0,1,0,1,1,0,1
Abel Dockwra,1,0,1,0,0,0,1,0,1,1,1,1,1,1
Emmy Willavoys,0,1,0,1,0,1,1,1,1,1,0,1,1,1
Filide Jones,0,1,1,1,0,1,1,0,0,0,1,1,1,1
Lila MacNish,0,0,0,0,0,1,1,1,0,1,0,1,1,1
Ivette Tineman,1,0,0,1,0,0,1,0,0,1,0,0,0,1
Alexine Cookney,1,1,1,0,1,0,1,0,0,1,1,1,1,1
Shep Manie,1,1,1,0,0,0,1,1,0,1,0,1,1,1
Doreen Tonner,1,0,0,1,0,0,0,0,1,0,0,1,1,1
Melba MacQueen,1,1,1,1,1,0,0,0,0,0,0,1,1,1
Phedra Oggers,1,1,0,1,1,1,0,0,1,1,0,1,0,1
Kaye Bowra,1,0,1,1,1,1,1,0,1,0,1,1,1,1
Harbert Suddaby,1,0,0,1,1,1,1,0,1,1,0,0,1,0
Kandy Prigmore,1,0,1,1,0,1,1,0,1,1,1,0,1,1
Isaiah Bygott,1,0,0,0,0,0,1,1,1,1,0,1,0,1
Brook Waddy,1,1,0,1,1,1,1,0,0,0,1,0,0,0
Rebe Hayhurst,1,0,1,0,0,1,1,1,1,0,0,0,1,1
Elita Hitzmann,1,1,0,1,1,0,1,0,1,1,1,1,1,1
Mauricio Wasmuth,1,0,1,1,0,0,1,0,1,0,0,1,0,1
Hermia Tibbetts,1,1,0,0,1,1,1,1,1,1,1,1,1,0
Kathrine Antonellini,0,0,0,0,0,0,1,0,1,1,0,1,1,1
Jacenta Roullier,1,1,1,0,0,0,1,1,1,1,1,1,1,1
Berget Titt,1,0,1,0,0,0,0,0,0,1,0,1,0,1
Adora Clatworthy,1,1,0,0,0,0,1,0,0,0,0,1,0,1
Christen McGeoch,1,1,1,1,1,0,1,1,1,0,0,1,0,1
Stephannie Menzies,1,0,1,1,1,1,1,1,1,0,1,0,1,1
Virginie Fawdry,1,1,1,0,1,1,1,1,0,0,0,0,0,1
Winnie MacCorkell,1,0,1,0,1,1,1,1,1,0,0,1,0,1
Revkah Cordero,1,0,1,1,0,1,1,0,1,0,0,0,0,1
Alyda Glasard,1,0,0,1,1,1,1,1,0,0,0,0,0,1
Brodie Sole,1,1,1,1,1,0,0,1,1,0,1,1,0,1
Ingmar Tew,0,0,0,1,0,0,0,1,0,1,0,1,1,1
Cori Diviney,1,1,1,1,1,0,0,0,0,0,0,1,1,1
Lyn Truswell,1,0,1,1,0,0,1,0,0,0,1,1,0,1
Bonnibelle Stolte,1,1,1,1,1,0,1,0,1,1,0,0,1,1
Ceil Follos,1,1,0,0,1,0,1,1,0,1,0,0,1,1
Barde Lawfull,1,1,0,0,1,0,1,1,1,0,0,0,0,1
Colet Van Giffen,1,1,1,1,1,1,1,0,1,0,1,0,1,1
Esra Chin,1,0,0,0,0,1,1,0,0,0,0,1,0,0
Franciska MacMenamin,1,1,0,1,0,0,1,1,1,1,1,0,0,1
Perri Turmell,1,1,1,1,1,1,1,1,1,0,0,0,0,1
Dalston Calverd,1,1,0,1,0,0,1,0,1,0,0,0,1,1
Domenico McCuaig,0,0,1,0,0,1,1,1,1,0,0,1,1,1
Doria Eidler,1,1,0,0,0,1,1,1,0,0,0,1,1,1
Gypsy Lusk,1,0,0,1,1,0,0,1,1,0,0,0,0,1
Willem Semeniuk,1,0,1,0,1,0,1,1,1,1,0,1,1,1
Shena Shawyers,0,1,1,0,0,0,1,0,0,0,1,1,0,1
Iorgos Lempertz,1,0,1,1,1,1,0,1,0,1,0,1,1,1
Arlinda Abisetti,1,1,0,0,1,0,1,1,1,0,1,1,1,1
Melita Skade,1,1,0,1,1,1,1,0,0,0,1,1,1,1
Pip Berrane,1,0,1,0,0,1,1,1,0,0,1,1,1,1
Lanita Duguid,0,1,1,1,0,1,0,0,1,0,1,0,1,1
Damara Coltman,0,1,0,1,1,0,1,1,0,0,1,0,0,1
Tamra Northleigh,1,0,0,0,0,1,1,1,1,0,1,1,1,1
Justis Vedeniktov,1,0,1,0,0,1,1,1,1,1,1,0,1,1
Raf Blackborne,1,0,1,0,0,1,1,1,0,1,0,1,0,1
Pietro Lyles,1,1,1,0,1,1,0,0,0,0,0,0,0,1
Kippy Webborn,1,1,1,1,0,1,1,0,1,1,1,0,1,1
Tally Wylder,1,0,0,0,0,0,1,0,1,0,1,0,0,1
Cara Heugh,0,0,0,1,0,0,1,0,0,1,1,1,1,1
Annora Shall,1,1,0,0,1,0,1,0,0,1,1,1,0,1
Ema Lebourn,1,1,1,1,1,1,0,1,1,0,1,1,0,1
Hedi Galvan,1,0,0,0,0,1,1,1,1,1,0,0,1,1
Andris Hayselden,1,0,1,1,0,0,1,0,0,1,1,0,1,1
Aundrea Harvett,1,1,0,1,1,1,1,0,0,1,0,1,1,1
Tressa Beddis,1,0,1,0,1,1,1,1,1,1,1,0,0,1
Neilla Pond,1,0,1,1,0,0,0,0,0,1,0,0,1,1
Dante Fillary,1,1,0,1,0,1,1,1,0,0,1,1,1,1
Natalya Tabard,1,1,0,0,1,1,1,0,1,0,1,0,0,1
Lucius Rossin,1,0,1,0,0,0,1,0,0,0,0,0,0,1
Neddie Turnpenny,1,0,0,0,1,0,1,1,1,1,0,0,0,1
Neel Trundler,1,1,0,1,0,1,1,1,1,1,1,0,0,0
Corty Sanz,1,0,1,0,1,1,1,0,1,1,1,0,0,1
Gwen Pegg,1,1,1,0,1,1,1,1,1,1,0,0,1,1
Sargent Fouracres,1,0,0,0,1,0,1,1,1,1,1,1,0,1
Wilek Cootes,0,1,0,1,1,0,1,0,0,1,0,0,0,1
Der Piggrem,1,1,0,0,0,1,0,1,0,0,1,0,1,1
Mari Treherne,1,0,0,0,0,1,1,0,1,1,1,1,0,1
Kermit Bartolini,1,1,1,0,0,1,1,1,1,0,1,0,0,1
Charmian Lamborn,1,1,0,0,1,1,1,0,0,0,0,0,0,1
Bambi Spencers,1,0,0,1,0,1,0,1,0,1,1,0,0,1
Loren Rollin,1,1,0,1,0,0,1,1,0,1,1,0,0,1
Laverne Dovey,1,1,0,0,1,0,1,1,0,1,0,0,0,1
Hobard O'Quin,1,0,0,0,0,0,1,1,1,1,0,1,0,1
Conny Iacomo,1,0,0,1,1,0,1,0,1,1,1,0,1,1
Hunfredo Paynter,0,0,0,1,1,0,0,1,1,1,1,1,1,1
Edyth Jakel,1,1,0,0,1,1,1,0,1,1,1,1,0,1
Cam Ricardot,0,1,0,1,1,0,1,0,1,0,1,1,1,1
Eleanor Flecknoe,1,1,1,1,0,0,1,1,0,1,1,1,1,1
Gasparo Goucher,1,1,1,0,1,0,1,1,0,1,1,0,1,1
Hector Fletcher,0,1,1,1,0,0,1,1,1,0,1,1,0,1
Bernadine Haggath,1,0,1,1,0,1,1,0,1,1,0,0,1,1
Arlene Hullyer,1,1,0,1,0,0,1,1,0,0,1,0,0,1
Barny Iacomelli,1,0,1,0,1,1,1,0,0,1,1,1,1,0
Alfie Talloe,1,0,0,0,0,0,0,0,1,0,1,0,1,1
Mellisent Erlam,1,0,0,0,0,0,1,0,1,1,0,0,0,1
Estella Shemelt,1,0,1,1,0,0,1,0,0,1,1,0,0,0
Roxi Dowrey,1,0,1,0,1,0,0,0,0,0,0,0,0,1
Tove Hargie,0,0,1,1,0,0,1,1,0,1,0,0,0,1
Starlin Thaxton,0,1,0,1,1,0,1,1,0,1,0,1,0,1
Katherina Coard,1,1,0,1,0,1,1,1,0,1,1,1,0,1
Jermayne Tilsley,1,1,1,1,0,0,1,0,0,0,1,1,1,1
Gardener Bagworth,0,1,1,1,0,1,1,0,0,1,0,0,0,1
Natale Calendar,1,0,1,0,1,1,1,0,0,0,0,0,1,1
Teodor Lendrem,1,1,0,1,0,1,0,0,1,1,0,0,1,1
Doralia Comrie,1,1,1,0,1,1,1,1,1,1,0,0,0,1
Berkie Henrichsen,1,1,1,1,0,1,1,0,1,0,0,1,0,1
Cathryn Pauly,1,1,0,1,1,1,1,1,0,0,0,1,1,1
Inness Bernot,1,0,1,1,1,1,1,0,0,0,0,1,0,1
Freddie Garrish,0,1,1,1,1,0,0,0,1,0,1,1,0,1
Vinnie McComish,1,1,1,0,1,1,1,1,0,1,0,0,0,1
Annissa House,0,0,0,1,0,1,1,1,0,0,1,1,1,1
Caroljean Caldow,1,0,1,1,0,1,0,1,1,0,1,1,1,1
Laurence Vannah,0,1,0,0,1,1,1,0,0,0,0,0,0,1
Nicki Kiffin,1,1,0,0,1,1,1,1,0,1,1,1,0,1
Xylia MacGarvey,1,0,1,0,0,0,0,0,1,0,0,1,0,1
Gannie Le Gallo,1,0,0,0,0,0,1,1,1,1,0,1,1,0
Melba Ansett,1,0,1,1,0,1,1,0,0,0,1,1,0,1
John Haldenby,1,0,0,1,1,1,1,0,0,1,0,1,0,1
Cherish Grahlman,0,0,0,0,1,0,1,0,0,0,1,0,0,1
Helge Kensley,1,1,0,0,0,1,0,1,1,0,0,0,0,1
Arden Yeudall,1,1,1,1,0,0,0,0,0,0,0,0,0,1
Ardine Lindstedt,1,0,0,0,1,1,1,1,0,0,0,0,1,0
Mal Alchin,0,1,0,0,0,0,1,1,1,0,0,1,0,1
Kermit Rolfo,1,0,1,1,1,1,1,0,1,1,0,0,1,1
Cleveland Grassot,1,1,1,1,1,1,1,0,0,1,1,0,1,1
Ula Warrack,1,1,1,0,0,0,1,0,0,1,1,0,1,1
Anabal Coopland,1,0,1,0,1,0,1,0,1,0,1,1,1,0
Kaitlynn Arlott,0,1,0,1,1,0,1,1,0,1,0,0,0,1
Gonzales Towll,1,0,1,0,0,1,1,0,1,1,0,1,0,1
Olivette Biskup,0,0,1,0,0,1,0,1,1,1,1,0,0,1
Eileen Boanas,1,0,1,1,1,1,1,1,0,1,0,1,0,1
Avie Olliff,1,0,0,1,0,1,1,0,1,1,0,0,1,1
Vitia Nussii,1,1,1,0,1,1,1,1,0,0,1,0,0,1
Melisenda Hitschke,1,0,0,1,0,1,1,0,1,0,0,1,0,1
Kingsly Adamsen,0,0,0,0,1,0,1,0,1,1,1,1,0,1
Scott Cescot,1,0,1,1,0,1,1,0,0,1,1,0,0,0
Amye Currom,1,0,0,0,1,1,1,0,0,1,0,1,0,1
Maible Litherborough,1,1,1,1,0,1,1,0,0,1,1,1,1,1
Cortney Petrov,1,1,1,0,1,0,1,0,0,0,0,1,0,1
Derril Freshwater,0,1,0,0,1,0,0,0,0,0,0,0,0,1
Thia Rickeard,1,1,1,1,1,1,1,0,0,1,1,1,0,1
Izak Batt,0,1,1,1,0,0,0,0,0,1,1,0,1,0
Rosemonde Worral,1,1,1,0,1,1,1,0,1,1,1,1,1,1
Bellanca Creasy,1,0,1,1,0,1,1,1,1,0,1,1,1,1
Pammy Brighty,0,0,0,1,0,1,1,1,0,0,1,1,1,0
Selinda Reina,1,0,1,1,1,0,0,1,0,1,1,1,1,1
Lindy McDonough,1,0,0,0,1,1,0,0,1,0,1,0,1,1
Codi Avon,1,0,1,0,1,0,1,0,1,0,0,0,1,1
Jermain Farmery,1,0,0,0,0,1,1,1,0,1,0,0,1,1
Burt Rainforth,1,0,1,1,1,0,1,0,0,1,0,1,1,1
Ermanno Mewett,1,1,1,0,1,0,0,1,1,0,0,0,0,1
Clarisse Sharrier,1,0,0,0,1,1,0,0,1,0,1,1,0,1
Ilaire Bouzek,1,1,1,0,0,1,1,1,0,0,1,0,0,1
Farr Press,1,1,1,1,1,1,0,0,0,0,1,0,1,1
Teador Reveland,1,0,1,1,1,1,1,0,0,0,0,0,0,1
Manny Omond,1,1,0,1,0,1,0,0,0,0,1,0,0,0
Polly Micka,1,1,1,1,0,1,1,1,1,0,1,1,0,1
Gabbie Mousby,0,0,1,0,0,0,0,1,1,1,0,0,0,0
Casper Beddoes,1,1,0,0,0,0,1,0,1,1,1,0,0,1
Jase Waterland,0,1,0,0,1,0,1,0,1,0,0,1,0,1
Betsey Perse,1,0,1,1,1,1,1,0,1,0,1,0,0,1
Kerwin Basire,0,0,0,1,0,0,0,0,0,1,1,1,1,1
Allissa Rothschild,1,1,1,1,1,0,1,0,0,0,0,1,0,1
Berkly Tookill,1,1,0,1,1,0,1,1,0,0,0,1,0,1
Ethelin Broadfield,0,0,1,0,0,0,0,1,0,1,1,0,1,1
Davy Peyzer,1,0,1,0,0,1,1,1,1,0,0,0,0,1
Enoch Pulsford,1,0,0,0,0,1,1,0,1,0,1,0,1,1
Norri Von Hindenburg,1,1,1,0,1,0,1,1,1,0,1,0,0,1
Cathrin Brightling,1,1,0,1,0,1,1,1,0,0,1,0,1,1
Petronia Spadeck,1,1,1,1,0,0,1,1,1,1,0,0,0,1
Laina Puxley,1,0,0,1,1,1,0,1,1,1,1,1,0,1
Abraham Silverson,1,0,1,1,1,1,1,1,0,0,0,1,1,0
Haleigh Barizeret,0,0,0,0,0,0,0,1,0,1,1,0,1,1
Brandais Eves,1,1,0,1,1,0,1,0,1,0,1,0,1,1
Conn Di Biagio,1,0,0,0,0,1,1,0,0,0,1,0,0,1
Wally Junkin,1,1,1,1,1,0,1,1,1,0,1,0,0,1
Madeline Dawidsohn,1,1,0,0,1,0,1,0,1,0,1,0,1,1
Casey McLese,1,0,0,1,0,0,0,1,1,1,0,0,0,1
Valentino Goodhay,1,1,1,0,0,1,1,0,0,0,0,0,0,1
Nerte Klee,1,1,1,1,1,0,1,1,0,1,0,1,1,1
Jeanelle Bartalot,1,1,0,0,1,1,1,1,1,0,0,1,0,1
Bliss Derby,0,0,1,1,1,0,1,0,1,0,1,0,0,1
Abbye Dubble,1,1,0,1,1,0,0,0,1,1,0,1,0,0
Dag Stein,1,1,1,1,0,1,1,0,0,0,1,1,1,1
Koenraad Cawthera,1,0,0,1,0,0,1,1,1,0,0,0,0,1
Ephrem Hobbert,1,1,0,1,0,0,0,0,1,1,1,1,1,1
Iver Scandrite,1,1,0,1,1,0,1,1,0,0,1,1,1,1
Brandy Bartels,0,1,0,1,1,0,1,1,0,0,0,1,0,1
Terence Studeart,1,1,1,0,0,0,1,0,1,1,0,1,0,1
Fianna Digby,1,1,1,0,0,1,0,1,1,1,1,1,0,0
Ekaterina Wehnerr,1,1,0,0,0,0,0,1,0,1,0,0,0,1
Courtney Neising,1,1,1,1,1,0,0,1,0,1,1,1,1,1
Portie Goldstraw,1,0,1,1,1,1,1,1,0,0,0,0,0,1
Debbi Andrejevic,1,0,1,0,1,0,1,1,1,1,0,1,0,1
Diann Dourin,1,0,1,0,1,1,1,1,1,1,1,1,1,1
Darcie Punchard,1,0,1,0,1,0,1,1,0,1,1,0,1,1
Myrle Sabathier,1,1,1,0,1,1,1,1,1,0,1,0,1,1
Pet Seckom,0,1,0,1,0,1,1,0,1,0,0,1,1,1
Myrtie Lindborg,1,1,0,0,1,0,1,0,1,1,0,0,1,1
Hank Lawrenson,1,1,1,0,0,0,1,0,1,1,1,0,1,1
Katlin Leafe,1,0,0,0,0,0,1,1,1,1,0,1,1,1
Jenifer Featenby,1,0,0,0,1,0,1,0,1,0,0,0,0,1
Meade Henaughan,0,0,0,0,0,1,0,1,1,0,0,0,0,1
Fritz Provis,1,0,1,1,1,1,1,1,0,1,0,1,1,1
Mommy O'Rowane,0,1,1,1,1,1,1,1,1,0,1,1,0,1
Karie Pirozzi,1,1,1,1,1,1,1,1,0,1,1,1,1,1
Shayla Courtin,1,0,0,1,0,0,0,1,0,1,0,1,1,1
Roderick Duckworth,1,1,0,1,1,0,1,1,1,0,1,0,0,1
Theo Stappard,1,0,1,0,1,0,0,1,0,0,1,1,0,1
Yehudi Massel,1,0,1,0,0,0,1,0,1,0,1,1,0,1
Burnaby Judkin,1,0,0,1,0,1,1,0,0,0,0,0,0,1
Lonnie Thursfield,1,0,0,0,1,0,1,1,0,0,0,1,0,1
Allyn Hulme,1,1,1,0,0,0,1,1,1,1,1,0,1,1
Margaretta Speddin,1,0,1,1,0,1,1,1,0,0,1,1,1,1
Tam Skottle,1,1,0,1,1,1,0,0,0,1,1,1,1,1
Der Hakonsen,0,0,0,1,0,1,1,1,1,0,1,1,1,1
Sonny Kitchingham,1,0,1,0,1,1,1,0,0,1,0,1,1,1
Hercules Paolone,1,0,1,1,0,0,1,1,0,1,1,1,0,1
Dev Kall,1,1,0,0,1,1,1,1,1,0,0,0,0,1
Filbert Horsley,0,1,0,0,1,1,0,1,0,0,0,1,0,1
Mona Kiehnlt,1,0,0,0,1,1,0,0,1,0,0,1,1,1
Pearl Lymbourne,1,1,0,1,0,1,1,0,1,0,1,0,1,1
Dmitri Pigrome,1,0,1,1,0,0,1,1,0,1,0,1,1,1
Sasha Toyne,1,1,0,1,0,0,1,0,0,0,0,0,1,1
Pancho Rodgers,1,1,1,0,1,1,1,1,1,1,1,1,1,0
Krishna Gilphillan,1,0,1,1,1,0,1,0,0,0,1,0,0,1
Hilde Cloy,0,1,1,1,0,0,0,1,1,0,0,1,0,1
Kevin Gask,0,0,0,0,1,1,1,0,1,0,0,1,0,1
Emmy Frift,0,1,1,0,0,0,1,0,0,1,1,0,0,1
Alina Luthwood,1,1,1,0,1,0,1,1,1,0,1,1,1,1
Etheline Kerner,1,0,1,1,0,0,0,1,1,1,0,1,1,1
Codie Firbank,1,0,0,0,1,0,1,0,0,1,1,0,1,1
Blayne Habershon,1,0,0,0,1,1,1,1,0,0,0,0,0,1
Eddi Reader,1,1,1,0,1,1,1,0,0,1,0,0,1,1
Juanita Sperwell,1,0,1,1,1,1,0,0,1,0,0,0,1,1
Stephan Ryman,1,1,0,1,1,0,0,1,0,0,0,0,0,1
Cherice Berens,1,1,0,1,0,0,1,0,1,0,0,0,1,1
Elberta Boick,1,0,1,0,1,1,1,0,0,1,1,0,0,1
